,missense_prediction,ddG
1akyA_V8I,0.0,1.19
1akyA_Q48E,0.0,0.96
1akyA_T77H,0.0,2.15
1akyA_T110H,0.0,2.63
1akyA_N169D,0.0,2.15
1akyA_I213F,1.0,1.91
1am7A_H31D,0.0,1.6
1ankA_D84H,0.0,1.4
1ankA_G85V,1.0,2.4
1ankA_F86L,0.0,0.8
1ankA_R88G,1.0,0.2
1ayfA_T54A,0.0,1.48
1ayfA_T54S,0.0,0.12
1ayfA_H56Q,1.0,2.17
1ayfA_H56R,1.0,1.36
1ayfA_H56T,1.0,1.41
1ayfA_D76E,0.0,0.48
1ayfA_Y82F,0.0,0.1
1ayfA_Y82L,0.0,0.69
1ayfA_Y82S,0.0,0.65
1ayfA_C95S,0.0,-0.93
1azpA_W24A,0.0,2.03
1azpA_V30I,0.0,-0.53
1bniA_D8A,0.0,0.6
1bniA_D8G,0.0,1.0
1bniA_D12G,0.0,1.2
1bniA_L14A,1.0,4.2
1bniA_T16R,0.0,-0.38
1bniA_D22M,0.0,0.09
1bniA_T26G,0.0,1.9
1bniA_I51V,0.0,1.86
1bniA_G52A,1.0,5.3
1bniA_G53A,0.0,3.4
1bniA_G53V,0.0,7.8
1bniA_D54N,0.0,2.38
1bniA_R69M,0.0,2.68
1bniA_R83Q,0.0,1.4
1bniA_I88A,0.0,4.2
1bniA_I88V,0.0,1.4
1bniA_S91A,1.0,1.38
1bniA_S92A,0.0,2.65
1bniA_I96A,0.0,3.3
1bniA_I96V,0.0,0.9
1bvcA_L9A,0.0,0.41
1bvcA_L11A,0.0,0.44
1bvcA_V13A,0.0,0.67
1bvcA_G23A,0.0,1.12
1bvcA_I28A,1.0,1.33
1bvcA_I28L,0.0,0.55
1bvcA_I28M,0.0,0.56
1bvcA_I28V,0.0,-0.04
1bvcA_L29A,0.0,2.37
1bvcA_L29I,0.0,1.12
1bvcA_L29M,0.0,-0.12
1bvcA_L29V,0.0,1.72
1bvcA_L49I,0.0,0.8
1bvcA_T51A,0.0,1.41
1bvcA_V66A,0.0,-0.75
1bvcA_T67A,0.0,0.26
1bvcA_L69A,0.0,1.18
1bvcA_L69I,0.0,0.02
1bvcA_L69M,0.0,0.0
1bvcA_L69V,0.0,0.1
1bvcA_P88A,0.0,-0.59
1bvcA_I111A,1.0,1.84
1bvcA_I111L,0.0,0.64
1bvcA_I111M,0.0,1.14
1bvcA_V114A,0.0,1.45
1bvcA_H116A,0.0,-0.16
1bvcA_S117A,0.0,0.26
1bvcA_G129A,0.0,-1.05
1bvcA_L135I,1.0,1.54
1bvcA_L135M,0.0,0.79
1bvcA_L135V,1.0,2.25
1bvcA_L137A,0.0,1.78
1bvcA_I142A,1.0,1.92
1bvcA_I142L,0.0,-0.63
1bvcA_I142M,0.0,-0.93
1bvcA_I142V,1.0,0.12
1bvcA_L149A,0.0,1.6
1c52A_M69A,1.0,-5.01
1c52A_M69H,0.0,0.71
1c8cA_W24A,0.0,0.75
1c8cA_I30V,0.0,0.73
1c8cA_F32Y,0.0,2.14
1c9oA_Q2L,0.0,-0.55
1c9oA_R3A,0.0,1.89
1c9oA_R3E,0.0,2.75
1c9oA_R3K,0.0,0.19
1c9oA_R3L,0.0,0.93
1c9oA_N11S,0.0,-0.33
1c9oA_E12K,0.0,0.43
1c9oA_Y15F,0.0,0.05
1c9oA_E21A,0.0,0.29
1c9oA_E21K,0.0,0.26
1c9oA_G23Q,0.0,0.29
1c9oA_S24D,0.0,-0.22
1c9oA_H29E,0.0,0.76
1c9oA_T31S,0.0,-0.17
1c9oA_E36K,0.0,0.19
1c9oA_E46A,0.0,0.22
1c9oA_E46K,0.0,0.64
1c9oA_E50K,0.0,0.5
1c9oA_Q53E,0.0,0.1
1c9oA_N55K,0.0,-0.1
1c9oA_R56E,0.0,-0.76
1c9oA_V64T,0.0,0.26
1c9oA_L66E,0.0,1.24
1chkA_W28F,0.0,4.43
1chkA_W101F,1.0,4.27
1chkA_W227F,1.0,2.51
1cspA_M1R,0.0,-1.74
1cspA_L2R,0.0,0.36
1cspA_E3K,0.0,-2.75
1cspA_E3L,0.0,-1.62
1cspA_E3Q,0.0,-1.31
1cspA_E3R,0.0,-2.65
1cspA_E3V,0.0,-1.77
1cspA_N10D,0.0,-0.67
1cspA_F15A,0.0,2.27
1cspA_F17A,0.0,1.53
1cspA_D25Q,0.0,0.81
1cspA_F27A,0.0,0.84
1cspA_F38A,0.0,-0.14
1cspA_E43S,0.0,-0.29
1cspA_A46E,1.0,0.6
1cspA_A46K,1.0,-1.41
1cspA_A46L,1.0,-0.81
1cspA_S48E,0.0,-0.1
1cspA_S48K,0.0,-1.41
1cspA_S48R,0.0,-1.58
1cspA_E50Q,0.0,1.22
1cspA_R56Q,0.0,-0.38
1cspA_T64R,0.0,-1.07
1cspA_K65I,0.0,-1.53
1cspA_E66K,0.0,-2.17
1cspA_E66L,0.0,-2.1
1cspA_E66V,0.0,-1.72
1cyoA_F35H,0.0,3.41
1cyoA_F35L,0.0,1.92
1cyoA_F35Y,0.0,-0.12
1cyoA_V45E,0.0,2.37
1cyoA_V45H,0.0,1.36
1cyoA_V45Y,0.0,1.54
1cyoA_V61E,0.0,1.1
1cyoA_V61H,0.0,1.63
1cyoA_V61K,0.0,2.34
1cyoA_V61Y,0.0,1.29
1e0wA_W85A,1.0,-1.08
1e0wA_W85F,0.0,2.2
1e0wA_W85H,0.0,0.53
1e0wA_Y172A,0.0,2.77
1e0wA_Y172F,0.0,0.5
1e0wA_Y172S,0.0,-0.86
1e0wA_W266A,1.0,2.58
1e0wA_W266F,0.0,1.81
1e0wA_W266H,1.0,3.99
1e0wA_W274A,0.0,-2.27
1e0wA_W274F,1.0,-0.43
1e0wA_W274H,0.0,-0.14
1ey0A_I18M,0.0,0.21
1ey0A_D21K,1.0,-1.0
1ey0A_D21N,1.0,-1.4
1ey0A_V23A,0.0,1.72
1ey0A_K24G,0.0,0.41
1ey0A_L25A,0.0,1.78
1ey0A_G29C,0.0,1.1
1ey0A_G29F,0.0,1.1
1ey0A_M32I,0.0,0.6
1ey0A_M32L,0.0,0.8
1ey0A_T33V,0.0,-0.4
1ey0A_T41I,1.0,-0.7
1ey0A_H46Y,0.0,0.0
1ey0A_G50C,1.0,0.8
1ey0A_G50F,1.0,0.4
1ey0A_E57C,0.0,0.7
1ey0A_E57F,0.0,0.9
1ey0A_S59A,0.0,-0.5
1ey0A_A60C,0.0,1.2
1ey0A_V66A,0.0,1.72
1ey0A_V66L,0.0,0.11
1ey0A_V66W,0.0,1.22
1ey0A_A69T,0.0,2.08
1ey0A_K70C,0.0,0.5
1ey0A_K70F,0.0,0.0
1ey0A_K78C,0.0,0.4
1ey0A_K78F,0.0,-0.1
1ey0A_G79S,1.0,2.0
1ey0A_G88V,1.0,1.18
1ey0A_L89F,1.0,1.22
1ey0A_A90S,0.0,1.46
1ey0A_R105C,0.0,2.7
1ey0A_R105F,0.0,3.1
1ey0A_A112C,0.0,0.8
1ey0A_A112F,1.0,1.3
1ey0A_P117G,1.0,-1.0
1ey0A_H124L,0.0,-1.57
1ey0A_S128A,1.0,-0.7
1ey0A_K134C,0.0,0.7
1ey0A_K134F,0.0,0.3
1f6rA_H32A,0.0,2.12
1f6rA_H32Y,0.0,-0.07
1f6rA_V42A,0.0,0.93
1f6rA_V42G,0.0,1.15
1f6rA_V42N,0.0,0.24
1f6rA_Q54A,0.0,0.41
1f6rA_I59W,0.0,0.93
1f6rA_Y103A,0.0,2.56
1f6rA_Y103P,1.0,0.26
1f6rA_W104Y,0.0,2.44
1f6rA_A106S,0.0,1.05
1f6rA_H107A,1.0,0.79
1f6rA_H107W,1.0,1.72
1f6rA_H107Y,1.0,0.19
1f6rA_L110E,0.0,0.19
1f6rA_L110H,0.0,-1.39
1f6rA_L110R,0.0,-0.43
1f6rA_K114E,0.0,0.65
1f6rA_K114N,0.0,-2.65
1f6rA_K114Q,0.0,0.6
1f6rA_Q117A,0.0,0.96
1f6rA_W118H,1.0,0.6
1f6rA_W118Y,0.0,1.17
1fvkA_P151A,1.0,6.82
1gv5A_V103I,0.0,-0.72
1h7mA_D2A,0.0,0.53
1h7mA_E6A,1.0,0.89
1h7mA_R8A,0.0,0.76
1h7mA_K9A,0.0,0.62
1h7mA_K9M,0.0,0.49
1h7mA_D12A,0.0,-0.24
1h7mA_K15A,0.0,0.91
1h7mA_R21A,0.0,-0.07
1h7mA_K22A,0.0,-0.43
1h7mA_K28A,0.0,1.2
1h7mA_K33A,0.0,-0.12
1h7mA_R39A,0.0,0.07
1h7mA_R42A,0.0,-0.33
1h7mA_D44A,0.0,-0.05
1h7mA_K46A,0.0,1.09
1h7mA_E47A,0.0,0.05
1h7mA_D48A,0.0,-0.36
1h7mA_E50A,0.0,-0.57
1h7mA_R54A,0.0,0.26
1h7mA_E62A,0.0,1.29
1h7mA_E64A,0.0,0.26
1h7mA_E69A,0.0,0.74
1h7mA_R76A,0.0,-0.19
1h7mA_H78A,0.0,0.5
1h7mA_D87A,0.0,1.36
1h7mA_E90A,0.0,0.45
1h7mA_R92A,0.0,0.52
1h7mA_R92M,0.0,0.79
1hfyA_T38A,1.0,1.6
1ihbA_F37H,0.0,1.24
1ihbA_R55V,0.0,0.32
1ihbA_F71N,0.0,-0.71
1ihbA_F82Q,0.0,0.46
1ihbA_F92N,0.0,1.08
1io2A_I6A,0.0,2.91
1io2A_D7N,1.0,-1.67
1io2A_E8A,1.0,-2.65
1io2A_E8Q,1.0,-0.6
1io2A_I15A,0.0,2.12
1io2A_I20A,0.0,4.42
1io2A_L33A,1.0,4.54
1io2A_I56A,0.0,3.97
1io2A_L92A,0.0,2.87
1io2A_I102A,0.0,4.04
1io2A_D105A,1.0,-1.58
1io2A_L118A,0.0,5.26
1io2A_D135A,0.0,-2.56
1io2A_L147A,0.0,2.61
1jiwI_A8P,1.0,0.2
1jiwI_D10A,0.0,0.7
1jiwI_D10P,0.0,0.5
1jiwI_W15F,1.0,2.3
1jnxX_R1699W,0.0,3.4
1jnxX_M1775R,1.0,4.19
1jnxX_V1833M,0.0,1.7
1ke4A_Y150F,0.0,0.7
1kf2A_V47A,0.0,3.72
1kf2A_V54A,0.0,2.58
1kf2A_V54G,0.0,4.87
1kf2A_V54I,0.0,1.95
1kf2A_V54L,0.0,1.08
1kf2A_V57A,0.0,2.85
1kf2A_V57G,0.0,5.52
1kf2A_V57I,0.0,1.3
1kf2A_V57L,0.0,2.37
1kf2A_V63A,0.0,2.02
1kf2A_V63G,0.0,3.5
1kf2A_A64G,0.0,0.43
1kf2A_I81A,0.0,2.99
1kf2A_I81G,1.0,4.8
1kf2A_I81V,0.0,0.43
1kf2A_Y97F,0.0,3.54
1kf2A_I106A,0.0,4.37
1kf2A_I106L,0.0,1.79
1kf2A_I106V,0.0,0.8
1kf2A_I107A,0.0,2.84
1kf2A_I107L,0.0,2.19
1kf2A_I107V,0.0,0.08
1kf2A_V108A,0.0,4.2
1kf2A_V108I,0.0,0.43
1kf2A_V108L,0.0,0.7
1kf2A_A109G,0.0,0.43
1kf2A_V116A,0.0,0.66
1kf2A_V116G,0.0,1.18
1kf2A_V118A,0.0,1.92
1kf2A_V118G,0.0,2.77
1kf3A_F46L,0.0,3.2
1kf3A_F46V,0.0,4.54
1kf3A_N67D,0.0,-0.61
1kf3A_S75A,1.0,2.5
1kf3A_S75T,0.0,2.8
1kf3A_P93G,1.0,2.2
1kf3A_P114G,1.0,3.3
1kf5A_A4S,0.0,0.51
1kf5A_A5S,0.0,0.37
1kf5A_S123A,0.0,-0.46
1kfwA_G92P,0.0,-0.5
1kfwA_N197K,0.0,-0.8
1kfwA_G405Q,0.0,-0.62
1l63A_M6A,0.0,1.22
1l63A_M6L,0.0,4.98
1l63A_L7A,1.0,2.26
1l63A_E11H,0.0,0.71
1l63A_E11N,0.0,1.43
1l63A_R14K,0.0,0.03
1l63A_I17A,1.0,4.21
1l63A_I17M,0.0,3.28
1l63A_D20A,0.0,0.5
1l63A_D20N,0.0,-1.11
1l63A_D20S,0.0,0.18
1l63A_D20T,0.0,-0.58
1l63A_E22K,1.0,-0.57
1l63A_T26S,0.0,-0.57
1l63A_I27A,0.0,3.1
1l63A_I27M,0.0,7.09
1l63A_G28A,1.0,2.2
1l63A_I29A,0.0,2.6
1l63A_L33A,0.0,5.17
1l63A_L33M,0.0,2.64
1l63A_S38N,0.0,0.0
1l63A_L39A,0.0,0.9
1l63A_N40A,0.0,0.17
1l63A_N40D,0.0,-0.44
1l63A_A41D,0.0,-0.29
1l63A_A41S,0.0,0.76
1l63A_A42F,1.0,5.18
1l63A_A42I,1.0,4.4
1l63A_A42L,1.0,5.1
1l63A_A42K,1.0,3.7
1l63A_A42V,0.0,3.54
1l63A_A42S,0.0,2.56
1l63A_K43A,0.0,2.17
1l63A_S44A,0.0,-0.43
1l63A_S44C,0.0,0.11
1l63A_S44D,0.0,0.11
1l63A_S44E,0.0,0.0
1l63A_S44F,0.0,-0.06
1l63A_S44G,0.0,0.53
1l63A_S44H,0.0,-0.04
1l63A_S44I,0.0,-0.31
1l63A_S44K,0.0,-0.2
1l63A_S44L,0.0,-0.39
1l63A_S44M,0.0,-0.33
1l63A_S44N,0.0,0.14
1l63A_S44P,0.0,3.03
1l63A_S44Q,0.0,-0.27
1l63A_S44R,0.0,-0.24
1l63A_S44T,0.0,-0.01
1l63A_S44V,0.0,-0.1
1l63A_S44W,0.0,-0.05
1l63A_S44Y,0.0,-0.19
1l63A_E45A,0.0,0.33
1l63A_L46A,0.0,4.21
1l63A_D47A,0.0,1.64
1l63A_K48A,0.0,1.92
1l63A_A49S,0.0,0.42
1l63A_I50A,0.0,1.75
1l63A_I50M,0.0,1.19
1l63A_I58A,0.0,3.2
1l63A_I58T,0.0,3.4
1l63A_T59A,0.0,1.5
1l63A_T59D,0.0,1.2
1l63A_T59G,0.0,1.6
1l63A_T59N,0.0,1.1
1l63A_T59S,0.0,0.2
1l63A_T59V,0.0,1.5
1l63A_K60H,0.0,0.1
1l63A_L66A,1.0,5.08
1l63A_L66M,0.0,1.03
1l63A_F67A,0.0,1.9
1l63A_Q69P,0.0,2.9
1l63A_V71A,0.0,1.5
1l63A_D72P,0.0,2.7
1l63A_A73S,0.0,0.31
1l63A_A74P,1.0,4.6
1l63A_V75T,0.0,0.49
1l63A_I78A,0.0,0.57
1l63A_I78M,0.0,1.62
1l63A_I78V,0.0,0.68
1l63A_R80K,0.0,0.17
1l63A_A82S,0.0,0.2
1l63A_K83H,0.0,0.4
1l63A_L84A,1.0,3.53
1l63A_L84M,1.0,2.42
1l63A_V87A,0.0,0.57
1l63A_V87I,0.0,0.63
1l63A_V87M,0.0,2.16
1l63A_V87T,0.0,1.17
1l63A_S90H,0.0,1.1
1l63A_L91A,0.0,2.22
1l63A_L91M,0.0,0.66
1l63A_D92N,0.0,1.4
1l63A_A93S,0.0,0.14
1l63A_A93T,0.0,-0.06
1l63A_V94A,0.0,1.8
1l63A_A98S,0.0,2.08
1l63A_A98C,0.0,1.06
1l63A_A98M,0.0,4.0
1l63A_A98V,1.0,4.43
1l63A_L99A,1.0,3.34
1l63A_L99F,0.0,0.3
1l63A_L99I,0.0,1.5
1l63A_L99M,0.0,-0.41
1l63A_L99V,0.0,2.0
1l63A_I100A,0.0,1.7
1l63A_I100M,0.0,0.8
1l63A_I100V,0.0,0.4
1l63A_N101A,1.0,1.5
1l63A_M102A,1.0,2.76
1l63A_M102L,1.0,1.71
1l63A_V103A,0.0,1.11
1l63A_V103I,0.0,0.26
1l63A_V103M,0.0,1.6
1l63A_F104A,0.0,2.62
1l63A_F104M,0.0,1.08
1l63A_Q105M,0.0,1.2
1l63A_M106A,0.0,2.0
1l63A_M106I,0.0,-0.02
1l63A_M106K,0.0,3.5
1l63A_M106L,0.0,0.0
1l63A_E108V,0.0,-0.26
1l63A_T109D,0.0,-0.6
1l63A_T109N,0.0,-0.1
1l63A_V111A,0.0,0.94
1l63A_V111F,0.0,1.69
1l63A_V111I,0.0,0.85
1l63A_V111M,0.0,0.43
1l63A_G113E,0.0,-0.3
1l63A_T115A,0.0,0.14
1l63A_N116A,0.0,-0.17
1l63A_S117A,1.0,-1.27
1l63A_S117F,1.0,-1.1
1l63A_L118A,1.0,2.71
1l63A_L118I,0.0,1.18
1l63A_L118M,0.0,0.08
1l63A_R119A,0.0,0.18
1l63A_R119H,0.0,0.29
1l63A_M120A,0.0,0.2
1l63A_M120K,0.0,1.98
1l63A_M120L,0.0,-0.42
1l63A_M120Y,0.0,0.72
1l63A_L121A,1.0,2.67
1l63A_L121M,0.0,0.21
1l63A_Q122A,0.0,0.24
1l63A_Q123A,0.0,0.22
1l63A_A129L,1.0,1.93
1l63A_A129M,1.0,2.53
1l63A_A129F,1.0,1.85
1l63A_A129W,1.0,3.2
1l63A_A130S,0.0,0.81
1l63A_L133D,1.0,7.52
1l63A_L133F,0.0,0.27
1l63A_L133M,0.0,0.27
1l63A_A134S,0.0,0.21
1l63A_N144H,0.0,-0.3
1l63A_N144E,0.0,-0.5
1l63A_V149A,0.0,0.71
1l63A_V149C,0.0,2.0
1l63A_V149G,0.0,4.9
1l63A_V149I,0.0,0.48
1l63A_V149M,0.0,2.44
1l63A_V149S,0.0,4.4
1l63A_V149T,0.0,3.0
1l63A_T151S,0.0,-0.39
1l63A_T152A,0.0,1.5
1l63A_T152C,0.0,0.5
1l63A_T152I,0.0,0.4
1l63A_T152S,0.0,2.0
1l63A_T152V,0.0,-0.2
1l63A_F153A,0.0,2.84
1l63A_F153I,0.0,0.2
1l63A_F153L,0.0,-0.3
1l63A_F153M,0.0,0.3
1l63A_F153V,0.0,1.8
1lhmA_V2A,0.0,1.8
1lhmA_I23V,0.0,0.37
1lhmA_I56V,0.0,1.18
1lhmA_I59A,0.0,1.06
1lhmA_I59V,0.0,1.2
1lhmA_V74A,0.0,0.67
1lhmA_I89V,0.0,0.67
1lhmA_V93A,0.0,0.79
1lhmA_V99A,0.0,1.21
1lhmA_V100A,1.0,1.08
1lhmA_I106V,0.0,1.31
1lhmA_V110A,0.0,-0.12
1lhmA_V121A,0.0,1.96
1lhmA_V125A,0.0,1.06
1lhmA_V130A,0.0,0.93
1lniA_V2T,0.0,0.9
1lniA_T5V,0.0,0.0
1lniA_T16V,0.0,-0.3
1lniA_T18V,1.0,1.4
1lniA_D25K,0.0,-0.9
1lniA_D33A,0.0,4.05
1lniA_V36T,0.0,1.3
1lniA_Q38A,0.0,-1.0
1lniA_N39A,1.0,2.2
1lniA_N39D,1.0,1.5
1lniA_N39S,1.0,2.3
1lniA_E41K,0.0,0.7
1lniA_V43T,0.0,0.5
1lniA_E54Q,0.0,1.7
1lniA_T56V,0.0,1.9
1lniA_V57T,0.0,4.4
1lniA_T59V,0.0,1.7
1lniA_R65A,0.0,1.0
1lniA_T67V,0.0,0.0
1lniA_T72V,0.0,0.2
1lniA_E74K,0.0,-1.1
1lniA_D79A,1.0,-1.47
1lniA_D79E,0.0,-1.26
1lniA_D79F,0.0,-1.06
1lniA_D79H,0.0,-1.21
1lniA_D79I,1.0,-1.02
1lniA_D79K,0.0,-0.73
1lniA_D79L,1.0,0.39
1lniA_D79N,0.0,-1.21
1lniA_D79R,0.0,0.19
1lniA_D79W,0.0,-0.73
1lniA_D79Y,1.0,-0.53
1lniA_T82V,1.0,1.7
1lniA_H85Q,0.0,0.0
1lniA_Q94K,0.0,-0.49
1lz1A_K1A,0.0,2.3
1lz1A_K1M,0.0,1.39
1lz1A_V2A,0.0,0.76
1lz1A_V2D,0.0,0.84
1lz1A_V2F,0.0,0.84
1lz1A_V2G,0.0,1.3
1lz1A_V2I,0.0,0.41
1lz1A_V2L,0.0,-0.31
1lz1A_V2M,0.0,0.22
1lz1A_V2N,0.0,0.77
1lz1A_V2R,0.0,0.64
1lz1A_V2S,0.0,0.81
1lz1A_V2Y,0.0,1.6
1lz1A_E7Q,0.0,1.43
1lz1A_L8T,0.0,2.24
1lz1A_A9S,0.0,0.18
1lz1A_T11A,0.0,0.0
1lz1A_T11V,0.0,-0.07
1lz1A_G16A,0.0,1.69
1lz1A_D18N,0.0,1.7
1lz1A_G19A,0.0,1.04
1lz1A_Y20F,0.0,0.42
1lz1A_R21A,0.0,1.48
1lz1A_R21G,0.0,0.72
1lz1A_G22A,0.0,3.48
1lz1A_I23A,0.0,0.73
1lz1A_I23V,0.0,0.36
1lz1A_S24A,0.0,0.46
1lz1A_A32L,0.0,1.13
1lz1A_A32S,0.0,0.67
1lz1A_E35L,0.0,0.74
1lz1A_S36A,0.0,0.46
1lz1A_G37A,0.0,0.74
1lz1A_G37Q,0.0,-0.18
1lz1A_Y38A,0.0,2.77
1lz1A_Y38F,0.0,-0.56
1lz1A_Y38G,0.0,2.54
1lz1A_T40A,1.0,1.24
1lz1A_T40V,1.0,1.02
1lz1A_T43A,0.0,-0.16
1lz1A_T43V,0.0,0.27
1lz1A_Y45F,0.0,-0.98
1lz1A_A47P,0.0,0.02
1lz1A_G48A,0.0,1.53
1lz1A_D49N,0.0,1.0
1lz1A_R50A,0.0,0.63
1lz1A_R50G,0.0,1.08
1lz1A_S51A,0.0,-0.01
1lz1A_T52A,0.0,-0.38
1lz1A_T52V,0.0,0.44
1lz1A_Y54F,0.0,0.98
1lz1A_I56A,0.0,2.32
1lz1A_I56F,0.0,3.54
1lz1A_I56L,0.0,0.41
1lz1A_I56M,0.0,1.49
1lz1A_I56T,0.0,2.31
1lz1A_I56V,0.0,0.0
1lz1A_Q58A,1.0,1.23
1lz1A_Q58G,0.0,-1.61
1lz1A_I59A,0.0,0.36
1lz1A_I59F,0.0,0.67
1lz1A_I59G,1.0,2.17
1lz1A_I59L,0.0,-0.7
1lz1A_I59M,0.0,0.8
1lz1A_I59S,0.0,2.05
1lz1A_I59T,0.0,1.0
1lz1A_I59V,0.0,1.19
1lz1A_I59Y,0.0,3.16
1lz1A_S61A,1.0,0.5
1lz1A_Y63F,0.0,0.35
1lz1A_D67N,0.0,2.25
1lz1A_G68A,1.0,0.97
1lz1A_T70A,0.0,0.58
1lz1A_T70V,0.0,0.62
1lz1A_P71G,0.0,0.51
1lz1A_G72A,0.0,0.31
1lz1A_V74A,0.0,-0.07
1lz1A_V74D,0.0,0.98
1lz1A_V74F,0.0,0.04
1lz1A_V74G,0.0,0.25
1lz1A_V74I,0.0,1.93
1lz1A_V74L,0.0,0.4
1lz1A_V74M,0.0,0.35
1lz1A_V74N,0.0,-1.16
1lz1A_V74R,0.0,1.44
1lz1A_V74S,0.0,0.0
1lz1A_V74Y,0.0,1.13
1lz1A_H78A,0.0,1.2
1lz1A_H78G,0.0,0.76
1lz1A_S80A,0.0,-0.82
1lz1A_S82A,0.0,-0.98
1lz1A_I89A,0.0,1.73
1lz1A_I89V,0.0,0.67
1lz1A_D91P,0.0,0.7
1lz1A_A92S,0.0,2.2
1lz1A_V93A,0.0,0.46
1lz1A_V93T,0.0,0.78
1lz1A_A96M,0.0,1.15
1lz1A_A96S,0.0,0.98
1lz1A_V99A,0.0,0.72
1lz1A_V99T,0.0,0.89
1lz1A_V100A,0.0,-0.82
1lz1A_V100F,1.0,2.42
1lz1A_V100T,0.0,0.82
1lz1A_D102N,0.0,0.67
1lz1A_P103G,0.0,0.07
1lz1A_G105A,0.0,1.06
1lz1A_I106A,0.0,0.8
1lz1A_I106V,0.0,1.31
1lz1A_V110A,0.0,-1.24
1lz1A_V110D,0.0,2.6
1lz1A_V110F,0.0,1.88
1lz1A_V110G,0.0,2.18
1lz1A_V110I,0.0,0.81
1lz1A_V110L,0.0,-0.08
1lz1A_V110M,0.0,-0.35
1lz1A_V110N,0.0,0.48
1lz1A_V110P,0.0,-0.16
1lz1A_V110R,0.0,1.58
1lz1A_V110Y,0.0,0.84
1lz1A_N118A,0.0,0.26
1lz1A_N118G,0.0,1.68
1lz1A_D120N,0.0,0.67
1lz1A_V121A,0.0,0.9
1lz1A_Y124F,0.0,-0.15
1lz1A_V125A,0.0,0.04
1lz1A_G127A,0.0,0.5
1lz1A_G129A,0.0,0.94
1lz1A_V130A,0.0,0.5
1mjcA_Y42W,0.0,-0.2
1mjcA_S52W,1.0,0.2
1mjcA_T68W,0.0,-0.7
1oncA_M23L,0.0,2.22
1oncA_F28A,0.0,5.04
1oncA_F28T,0.0,4.92
1oncA_F36Y,0.0,3.7
1pgaA_T2P,0.0,2.7
1pgaA_I6N,0.0,1.53
1pgaA_I6T,0.0,1.6
1pgaA_G9P,1.0,2.4
1pgaA_K10P,0.0,0.2
1pgaA_V21P,0.0,-0.5
1pgaA_A23P,0.0,0.3
1pgaA_A24P,0.0,0.5
1pgaA_A48P,0.0,0.7
1pgaA_T53F,0.0,-1.01
1pgaA_T53I,0.0,0.3
1pgaA_T53V,0.0,0.8
1pgaA_T53Y,1.0,-0.5
1pohA_K49A,0.0,-1.6
1pohA_K49D,0.0,-1.8
1pohA_K49E,0.0,-2.1
1pohA_K49G,0.0,-1.2
1pohA_K49M,0.0,-1.0
1pohA_K49N,0.0,-0.4
1pohA_K49Q,0.0,-1.5
1pohA_K49R,0.0,0.2
1pohA_K49S,0.0,-1.2
1rbpA_W24F,1.0,2.52
1rbpA_W24L,1.0,2.6
1rbpA_W24Y,0.0,2.2
1rbpA_W91H,0.0,0.1
1rbpA_W105F,0.0,0.44
1rbpA_R139Q,0.0,2.6
1rn1C_V16A,0.0,2.34
1rn1C_V16C,0.0,4.99
1rn1C_V16S,0.0,4.69
1rn1C_V16T,0.0,3.65
1rn1C_Y24W,0.0,-1.24
1rn1C_Q25K,0.0,-1.4
1rn1C_H40T,0.0,0.26
1rn1C_Y42W,1.0,0.14
1rn1C_N44A,0.0,1.6
1rn1C_N44D,0.0,1.6
1rn1C_N44S,0.0,1.5
1rn1C_Y45W,0.0,-0.74
1rn1C_D49A,0.0,-0.5
1rn1C_D49F,0.0,0.4
1rn1C_D49H,0.0,-1.1
1rn1C_D49Y,0.0,0.5
1rn1C_D49W,0.0,0.9
1rn1C_E58A,1.0,1.0
1rn1C_W59Y,0.0,0.93
1rn1C_D76A,1.0,3.8
1rn1C_D76N,1.0,3.1
1rn1C_D76S,1.0,3.1
1rn1C_V78A,0.0,4.08
1rn1C_V78S,0.0,4.87
1rn1C_V78T,0.0,3.59
1rn1C_V89C,0.0,3.54
1rn1C_V89T,0.0,3.07
1rn1C_H92A,0.0,1.53
1rroA_P21A,0.0,0.74
1rroA_P26A,0.0,0.74
1rtp1_A21P,0.0,1.92
1rtp1_H26P,0.0,-1.25
1rtp1_K80S,0.0,0.29
1shfA_F87A,0.0,1.34
1shfA_F87L,0.0,1.99
1shfA_F87V,0.0,0.47
1shfA_A89G,0.0,1.56
1shfA_A89S,0.0,1.26
1shfA_L101F,0.0,1.2
1shfA_L101I,0.0,0.69
1shfA_L101V,0.0,1.63
1shfA_F103L,0.0,1.11
1shfA_F103V,0.0,1.88
1shfA_E107A,0.0,1.27
1shfA_E107D,0.0,-0.68
1shfA_E107F,0.0,1.63
1shfA_E107H,0.0,0.99
1shfA_E107K,0.0,0.97
1shfA_E107P,0.0,1.71
1shfA_E107Q,0.0,0.74
1shfA_E107S,0.0,1.64
1shfA_E107T,0.0,0.6
1shfA_E107V,0.0,2.0
1shfA_E107Y,0.0,2.4
1shfA_F109I,0.0,1.99
1shfA_F109L,0.0,0.76
1shfA_F109V,0.0,2.11
1shfA_I111L,0.0,1.01
1shfA_I111V,0.0,0.16
1shfA_W120F,0.0,0.55
1shfA_W120L,0.0,0.4
1shfA_W120V,0.0,0.99
1shfA_A122G,0.0,1.35
1shfA_A122V,0.0,-0.18
1shfA_S124A,1.0,0.71
1shfA_S124F,1.0,1.9
1shfA_S124H,1.0,1.25
1shfA_S124I,1.0,1.41
1shfA_S124K,1.0,-0.11
1shfA_S124L,1.0,0.37
1shfA_S124N,0.0,0.73
1shfA_S124R,1.0,0.18
1shfA_S124T,1.0,1.65
1shfA_S124V,1.0,1.1
1shfA_S124Y,1.0,2.27
1shfA_I133L,0.0,0.75
1shfA_I133V,0.0,0.04
1shfA_V138A,1.0,2.13
1shfA_V138F,0.0,0.73
1shfA_V138I,0.0,-0.17
1shfA_V138L,0.0,0.12
1shgA_N47A,0.0,0.46
1shgA_D48G,0.0,-1.05
1shgA_A56G,0.0,0.55
1shgA_A56E,0.0,0.46
1shgA_A56K,0.0,0.07
1tpkA_V65A,0.0,2.0
1tpkA_V65I,0.0,-0.3
1tpkA_V65L,0.0,1.9
1tpkA_V65M,0.0,2.2
1tpkA_V65S,0.0,2.4
1tpkA_V65T,0.0,1.0
1wq5A_C81A,1.0,-0.18
1wq5A_C81G,1.0,0.45
1wq5A_C81S,0.0,-0.26
1wq5A_C81V,1.0,1.71
1wq5A_P96A,1.0,-0.48
1wq5A_K109N,0.0,0.09
1wq5A_C118A,1.0,-1.07
1wq5A_C118S,0.0,-1.24
1wq5A_C118V,1.0,-1.19
1wq5A_P132A,0.0,0.01
1wq5A_P132G,0.0,0.75
1wq5A_C154A,1.0,0.54
1wq5A_C154S,0.0,1.4
1wq5A_C154V,1.0,-0.91
1wq5A_P207A,0.0,1.85
1wq5A_G211E,1.0,-0.53
1wq5A_G211R,1.0,-0.53
1yccA_A7L,0.0,-0.35
1yccA_A7Y,0.0,-0.27
1yccA_F10I,0.0,0.91
1yccA_F10M,0.0,3.32
1yccA_F10W,0.0,1.34
1yccA_F10Y,0.0,0.67
1yccA_V20C,0.0,1.06
1yccA_T69E,0.0,-1.5
1yccA_K73I,0.0,0.4
1yccA_K73V,0.0,-0.1
1yccA_K73W,0.0,1.6
1yccA_P76G,0.0,0.78
1yccA_P76L,0.0,3.44
1yccA_P76R,0.0,0.97
1yccA_P76S,0.0,1.89
1yccA_P76V,0.0,1.07
1yccA_P76W,0.0,2.38
1yccA_P76Y,0.0,2.07
1yccA_F82Y,0.0,0.7
1yccA_L85A,1.0,2.8
1yccA_L94A,1.0,3.82
1yccA_L94I,0.0,0.02
1yccA_L94T,0.0,3.27
1yccA_L94V,0.0,0.72
1yccA_T96A,1.0,-1.0
1yccA_Y97F,0.0,-0.08
1yccA_C102A,1.0,-2.9
1yccA_C102S,1.0,-2.8
1yccA_C102T,0.0,-0.8
1yeaA_N52I,0.0,-2.4
1yu5X_H41Y,1.0,-1.1
1zymB_H189A,0.0,0.9
1zymB_H189E,0.0,1.31
2ci2I_L27A,0.0,2.66
2ci2I_S31A,0.0,0.84
2ci2I_S31G,0.0,1.0
2ci2I_V38A,0.0,0.46
2ci2I_I39V,0.0,1.2
2ci2I_K43A,1.0,0.26
2ci2I_P44A,0.0,1.82
2ci2I_E45A,0.0,0.82
2ci2I_I48V,0.0,0.92
2ci2I_V70A,0.0,2.17
2ci2I_I76V,0.0,-0.09
2hbbA_K12M,0.0,-1.9
2hbbA_D23A,0.0,0.46
2hbbA_D23N,0.0,0.72
2hipA_Y12F,1.0,2.3
2lzmA_I3A,0.0,0.7
2lzmA_I3C,0.0,-0.43
2lzmA_I3D,0.0,3.2
2lzmA_I3E,0.0,2.0
2lzmA_I3F,0.0,1.1
2lzmA_I3G,0.0,2.1
2lzmA_I3L,0.0,-0.4
2lzmA_I3M,0.0,0.9
2lzmA_I3P,0.0,2.53
2lzmA_I3S,0.0,1.7
2lzmA_I3T,0.0,2.3
2lzmA_I3V,0.0,0.4
2lzmA_I3W,0.0,2.8
2lzmA_I3Y,0.0,2.3
2lzmA_M6I,0.0,1.38
2lzmA_E11A,1.0,-1.1
2lzmA_E11F,0.0,-1.7
2lzmA_E11M,0.0,-1.6
2lzmA_K16E,0.0,-0.5
2lzmA_G30A,0.0,-0.1
2lzmA_G30F,1.0,1.5
2lzmA_P37A,0.0,0.3
2lzmA_S38A,0.0,0.77
2lzmA_S38D,0.0,-0.2
2lzmA_L39P,0.0,2.8
2lzmA_A41V,0.0,-0.16
2lzmA_S44A,0.0,-0.44
2lzmA_C54T,0.0,-0.3
2lzmA_C54V,0.0,0.7
2lzmA_N55G,0.0,0.6
2lzmA_K60P,0.0,0.0
2lzmA_N68A,0.0,-0.05
2lzmA_G77A,1.0,-0.4
2lzmA_A82P,0.0,-0.8
2lzmA_P86A,0.0,0.4
2lzmA_A93P,0.0,-0.1
2lzmA_R96H,0.0,2.8
2lzmA_A98V,0.0,8.05
2lzmA_M102V,1.0,3.9
2lzmA_Q105A,0.0,0.6
2lzmA_Q105E,0.0,1.1
2lzmA_Q105G,0.0,1.5
2lzmA_G113A,0.0,-0.3
2lzmA_T115E,0.0,-0.3
2lzmA_N116D,0.0,0.06
2lzmA_S117F,1.0,-1.1
2lzmA_S117I,1.0,-1.7
2lzmA_S117V,1.0,-2.0
2lzmA_R119E,0.0,0.04
2lzmA_R119M,0.0,-0.1
2lzmA_Q123E,0.0,-0.4
2lzmA_K124G,0.0,0.1
2lzmA_E128A,0.0,-0.16
2lzmA_E128K,0.0,1.33
2lzmA_A129V,0.0,0.8
2lzmA_V131A,0.0,-0.05
2lzmA_V131D,0.0,-0.08
2lzmA_V131E,0.0,-0.2
2lzmA_V131G,0.0,0.68
2lzmA_V131I,0.0,-0.16
2lzmA_V131L,0.0,-0.09
2lzmA_V131M,0.0,-0.12
2lzmA_V131S,0.0,0.05
2lzmA_V131T,0.0,0.12
2lzmA_N132F,0.0,-1.3
2lzmA_N132I,0.0,-1.2
2lzmA_N132M,0.0,-1.5
2lzmA_L133A,1.0,3.6
2lzmA_L133F,0.0,0.2
2lzmA_K135E,0.0,1.0
2lzmA_P143A,0.0,1.0
2lzmA_N144D,0.0,-0.3
2lzmA_A146T,0.0,4.07
2lzmA_K147E,0.0,0.7
2lzmA_V149C,0.0,2.44
2lzmA_T152S,0.0,2.88
2lzmA_R154E,0.0,1.1
2lzmA_T157A,0.0,1.4
2lzmA_T157C,0.0,1.3
2lzmA_T157N,0.0,0.45
2lzmA_T157E,0.0,1.5
2lzmA_T157F,0.0,2.4
2lzmA_T157G,0.0,1.1
2lzmA_T157H,0.0,2.1
2lzmA_T157I,0.0,2.9
2lzmA_T157L,0.0,1.3
2lzmA_T157D,0.0,1.1
2lzmA_T157R,0.0,1.3
2lzmA_T157S,0.0,0.66
2lzmA_T157V,0.0,1.6
2lzmA_A160T,0.0,1.65
2rn2A_D10A,0.0,-1.72
2rn2A_D10E,0.0,-0.52
2rn2A_D10H,0.0,-1.15
2rn2A_D10N,0.0,-0.98
2rn2A_D10S,0.0,-1.27
2rn2A_G23A,1.0,-1.02
2rn2A_A24V,0.0,-0.88
2rn2A_R41C,0.0,-0.44
2rn2A_E48A,0.0,0.16
2rn2A_E48D,0.0,0.13
2rn2A_E48Q,0.0,-0.16
2rn2A_A52C,0.0,-0.76
2rn2A_A52D,1.0,1.85
2rn2A_A52E,1.0,1.52
2rn2A_A52F,0.0,0.46
2rn2A_A52G,0.0,2.71
2rn2A_A52H,1.0,3.59
2rn2A_A52I,0.0,-1.88
2rn2A_A52K,1.0,5.93
2rn2A_A52L,0.0,-1.31
2rn2A_A52M,0.0,-0.49
2rn2A_A52N,1.0,1.79
2rn2A_A52P,1.0,1.64
2rn2A_A52Q,1.0,1.19
2rn2A_A52S,0.0,1.76
2rn2A_A52T,0.0,0.82
2rn2A_A52V,0.0,-1.67
2rn2A_A52Y,0.0,2.31
2rn2A_H62A,0.0,-0.55
2rn2A_H62D,0.0,0.17
2rn2A_H62P,0.0,-2.21
2rn2A_H62R,0.0,-0.36
2rn2A_S68A,1.0,0.45
2rn2A_S68G,1.0,2.4
2rn2A_S68L,1.0,0.48
2rn2A_S68T,1.0,0.2
2rn2A_S68V,1.0,-0.57
2rn2A_D70A,0.0,-0.58
2rn2A_D70E,0.0,-0.06
2rn2A_D70N,0.0,-0.81
2rn2A_V74A,0.0,3.4
2rn2A_V74I,0.0,-0.6
2rn2A_V74L,0.0,-1.1
2rn2A_G77A,1.0,0.9
2rn2A_H83A,0.0,0.12
2rn2A_K91R,0.0,0.0
2rn2A_D94E,0.0,0.4
2rn2A_K95A,0.0,-0.1
2rn2A_K95G,0.0,-1.28
2rn2A_K95N,0.0,-0.88
2rn2A_Q113P,0.0,0.6
2rn2A_K117R,0.0,-0.03
2rn2A_E119V,0.0,-0.74
2rn2A_H124A,0.0,-0.05
2rn2A_A125T,0.0,0.0
2rn2A_H127A,0.0,0.31
2rn2A_D134A,0.0,-0.98
2rn2A_D134E,0.0,-0.91
2rn2A_D134H,0.0,-2.97
2rn2A_D134I,0.0,-1.37
2rn2A_D134L,0.0,-1.54
2rn2A_D134N,0.0,-1.64
2rn2A_D134Q,0.0,-1.33
2rn2A_D134S,0.0,-1.14
2rn2A_D134T,0.0,-1.07
2rn2A_D134V,0.0,-1.2
2rn2A_E135K,0.0,0.22
2trxA_D26I,1.0,-3.1
2trxA_C32A,1.0,3.7
2trxA_C35A,1.0,3.1
2trxA_P40S,0.0,-1.45
2trxA_T66L,0.0,1.4
2trxA_T77V,1.0,1.1
2trxA_L78K,1.0,3.9
2trxA_L78R,1.0,4.0
3d2cA_M134E,0.0,-3.02
3d2cA_M137P,0.0,-3.34
3d2cA_S163P,0.0,-2.11
3mbpA_P48A,0.0,2.7
3mbpA_P48S,0.0,2.55
3mbpA_P133A,0.0,7.8
3mbpA_P133S,0.0,-1.16
3mbpA_P159A,0.0,0.22
3mbpA_P159S,0.0,4.72
3silA_A53L,0.0,-0.81
3silA_A69V,0.0,-0.62
451cA_F7A,0.0,-1.1
451cA_V13M,0.0,-0.4
451cA_F34Y,0.0,-1.9
451cA_Q37R,0.0,-0.5
451cA_E43Y,0.0,-0.6
451cA_V78I,0.0,-1.0
4blmA_S126C,0.0,-0.5
4blmA_S265C,0.0,1.66
4lyzA_F3Y,0.0,0.45
4lyzA_H15L,0.0,-0.76
4lyzA_N19K,0.0,1.06
4lyzA_R21Q,0.0,0.15
4lyzA_A31I,0.0,-1.4
4lyzA_A31L,0.0,-1.8
4lyzA_A31V,0.0,-1.2
4lyzA_F34Y,0.0,-0.19
4lyzA_T40I,1.0,2.2
4lyzA_T40S,0.0,0.27
4lyzA_G49A,1.0,0.73
4lyzA_I55A,0.0,4.4
4lyzA_I55F,0.0,2.46
4lyzA_I55L,0.0,0.45
4lyzA_I55M,0.0,2.27
4lyzA_I55T,0.0,4.96
4lyzA_I55V,0.0,0.91
4lyzA_G67A,1.0,0.52
4lyzA_R68K,0.0,0.04
4lyzA_G71A,0.0,2.12
4lyzA_R73K,0.0,-0.23
4lyzA_N77H,0.0,0.38
4lyzA_S91A,1.0,0.15
4lyzA_S91D,1.0,2.31
4lyzA_S91T,0.0,-1.0
4lyzA_S91V,1.0,0.08
4lyzA_S91Y,1.0,3.07
4lyzA_D101A,0.0,-0.76
4lyzA_D101E,0.0,0.0
4lyzA_D101F,0.0,-0.72
4lyzA_D101G,0.0,-0.45
4lyzA_D101K,0.0,-0.19
4lyzA_D101N,0.0,-0.04
4lyzA_D101Q,0.0,0.08
4lyzA_D101R,0.0,-0.27
4lyzA_D101S,0.0,-0.87
4lyzA_G102A,1.0,1.2
4lyzA_G102R,1.0,-0.38
4lyzA_G102V,1.0,0.04
4lyzA_R114H,0.0,-0.68
4lyzA_G117A,1.0,0.82
4lyzA_Q121H,0.0,0.45
5ptiA_F22A,0.0,1.2
5ptiA_Y35A,1.0,5.0
5ptiA_G36S,1.0,0.7
